code,kg CO2,kg CH4,kgN2O
LPG,3.11,0.000049,0.0000049
