Miles Traveled,Total (mi),kg CO2,kg CH4,kg N2O
Long Haul,9367.9,1733.0615,0.09742616,0.07962715
Medium Haul,0.0,0.0,0.0,0.0
Short Haul,0.0,0.0,0.0,0.0
TOTAL,9367.9,1733.0615,0.09742616,0.07962715
TOTAL * gwp,9367.9,1733.0615,2.435654,23.728890699999997
Round Trip,18735.8,3466.123,4.871308,47.457781399999995

Grand Total(kg),3518.4520894,,Grand Total (Mg),3.5184520894
